timestamp,pwm,voltage,current,esc_temperature
0.0,1500,16.20,0.07,22.0
0.1,1500,16.20,0.05,21.9
0.2,1500,16.20,0.11,22.0
0.3,1500,16.21,0.03,22.0
0.4,1500,16.21,0.10,22.0
0.5,1500,16.21,0.06,22.0
0.6,1500,16.21,0.06,21.9
0.7,1500,16.22,0.10,22.0
0.8,1500,16.22,0.03,22.0
0.9,1500,16.22,0.11,22.0
1.0,1500,16.22,0.05,22.0
1.1,1500,16.23,0.07,21.9
1.2,1500,16.23,0.09,21.9
1.3,1500,16.23,0.03,22.0
1.4,1500,16.23,0.11,22.0
1.5,1500,16.23,0.04,21.9
1.6,1500,16.23,0.08,21.9
1.7,1500,16.24,0.08,21.9
1.8,1500,16.24,0.04,22.0
1.9,1500,16.24,0.11,22.0
2.0,1500,16.24,0.04,21.9
2.1,1500,16.24,0.09,21.9
2.2,1500,16.24,0.07,21.9
2.3,1500,16.24,0.05,22.0
2.4,1500,16.25,0.11,22.0
2.5,1500,16.25,0.03,21.9
2.6,1500,16.25,0.10,21.9
2.7,1500,16.25,0.06,21.9
2.8,1500,16.25,0.05,22.0
2.9,1500,16.25,0.10,21.9
3.0,1500,16.25,0.03,21.9
3.1,1500,16.25,0.10,21.9
3.2,1500,16.25,0.05,21.9
3.3,1500,16.25,0.06,22.0
3.4,1500,16.25,0.10,21.9
3.5,1500,16.25,0.03,21.9
3.6,1500,16.25,0.11,21.9
3.7,1500,16.25,0.04,21.9
3.8,1500,16.25,0.08,21.9
3.9,1500,16.25,0.09,21.9
4.0,1500,16.24,0.04,21.8
4.1,1500,16.24,0.11,21.8
4.2,1500,16.24,0.04,21.9
4.3,1500,16.24,0.09,21.9
4.4,1500,16.24,0.08,21.9
4.5,1500,16.24,0.04,21.8
4.6,1500,16.24,0.11,21.8
4.7,1500,16.23,0.03,21.9
4.8,1500,16.23,0.09,21.9
4.9,1500,16.23,0.07,21.9
5.0,1500,16.23,0.05,21.8
5.1,1500,16.23,0.10,21.8
5.2,1500,16.22,0.03,21.9
5.3,1500,16.22,0.10,21.9
5.4,1500,16.22,0.06,21.8
5.5,1500,16.22,0.06,21.8
5.6,1500,16.22,0.10,21.8
5.7,1500,16.21,0.03,21.9
5.8,1500,16.21,0.11,21.9
5.9,1500,16.21,0.05,21.8
6.0,1500,16.21,0.07,21.8
6.1,1500,16.20,0.09,21.8
6.2,1500,16.20,0.03,21.9
6.3,1500,16.20,0.11,21.9
6.4,1500,16.20,0.04,21.8
6.5,1500,16.19,0.08,21.8
6.6,1500,16.19,0.08,21.8
6.7,1500,16.19,0.04,21.9
6.8,1500,16.19,0.11,21.8
6.9,1500,16.18,0.03,21.8
7.0,1500,16.18,0.09,21.7
7.1,1500,16.18,0.07,21.8
7.2,1500,16.18,0.05,21.8
7.3,1500,16.17,0.11,21.8
7.4,1500,16.17,0.03,21.8
7.5,1500,16.17,0.10,21.7
7.6,1500,16.17,0.06,21.8
7.7,1500,16.17,0.06,21.8
7.8,1500,16.16,0.10,21.8
7.9,1500,16.16,0.03,21.7
8.0,1500,16.16,0.11,21.7
8.1,1500,16.16,0.05,21.8
8.2,1500,16.16,0.07,21.8
8.3,1500,16.16,0.09,21.8
8.4,1500,16.16,0.03,21.7
8.5,1500,16.15,0.11,21.7
8.6,1500,16.15,0.04,21.8
8.7,1500,16.15,0.08,21.8
8.8,1500,16.15,0.08,21.8
8.9,1500,16.15,0.04,21.7
9.0,1500,16.15,0.11,21.7
9.1,1500,16.15,0.04,21.8
9.2,1500,16.15,0.09,21.8
9.3,1500,16.15,0.07,21.7
9.4,1500,16.15,0.05,21.7
9.5,1500,16.15,0.11,21.7
9.6,1500,16.15,0.03,21.8
9.7,1500,16.15,0.10,21.8
9.8,1500,16.15,0.06,21.7
9.9,1500,16.15,0.05,21.7
10.0,1580,16.12,1.47,21.7
10.1,1580,16.12,1.40,21.8
10.2,1580,16.13,1.47,21.8
10.3,1580,16.13,1.42,21.7
10.4,1580,16.13,1.43,21.7
10.5,1580,16.13,1.46,21.7
10.6,1580,16.13,1.40,21.7
10.7,1580,16.13,1.48,21.7
10.8,1580,16.13,1.41,21.7
10.9,1580,16.13,1.44,21.6
11.0,1580,16.14,1.45,21.7
11.1,1580,16.14,1.40,21.7
11.2,1580,16.14,1.48,21.7
11.3,1580,16.14,1.40,21.7
11.4,1580,16.14,1.45,21.6
11.5,1580,16.15,1.44,21.7
11.6,1580,16.15,1.41,21.7
11.7,1580,16.15,1.48,21.7
11.8,1580,16.15,1.40,21.6
11.9,1580,16.16,1.46,21.6
12.0,1580,16.16,1.43,21.7
12.1,1580,16.16,1.42,21.7
12.2,1580,16.16,1.47,21.7
12.3,1580,16.17,1.40,21.6
12.4,1580,16.17,1.47,21.6
12.5,1580,16.17,1.42,21.7
12.6,1580,16.17,1.43,21.7
12.7,1580,16.17,1.47,21.7
12.8,1580,16.18,1.40,21.6
12.9,1580,16.18,1.47,21.6
13.0,1580,16.18,1.41,21.7
13.1,1580,16.18,1.44,21.7
13.2,1580,16.19,1.46,21.7
13.3,1580,16.19,1.40,21.6
13.4,1580,16.19,1.48,21.6
13.5,1580,16.19,1.41,21.7
13.6,1580,16.20,1.45,21.7
13.7,1580,16.20,1.45,21.6
13.8,1580,16.20,1.41,21.6
13.9,1580,16.20,1.48,21.6
14.0,1580,16.20,1.40,21.7
14.1,1580,16.21,1.46,21.7
14.2,1580,16.21,1.44,21.6
14.3,1580,16.21,1.42,21.6
14.4,1580,16.21,1.47,21.6
14.5,1580,16.21,1.40,21.7
14.6,1580,16.21,1.47,21.7
14.7,1580,16.22,1.43,21.6
14.8,1580,16.22,1.43,21.6
14.9,1580,16.22,1.47,21.6
15.0,1580,16.22,1.40,21.6
15.1,1580,16.22,1.47,21.7
15.2,1580,16.22,1.42,21.6
15.3,1580,16.22,1.44,21.6
15.4,1580,16.22,1.46,21.6
15.5,1580,16.22,1.40,21.6
15.6,1580,16.22,1.48,21.6
15.7,1580,16.22,1.41,21.6
15.8,1580,16.22,1.45,21.5
15.9,1580,16.22,1.45,21.6
16.0,1580,16.22,1.41,21.6
16.1,1580,16.22,1.48,21.6
16.2,1580,16.22,1.40,21.6
16.3,1580,16.22,1.46,21.5
16.4,1580,16.22,1.44,21.6
16.5,1580,16.22,1.41,21.6
16.6,1580,16.22,1.48,21.6
16.7,1580,16.22,1.40,21.5
16.8,1580,16.21,1.46,21.5
16.9,1580,16.21,1.43,21.6
17.0,1580,16.21,1.42,21.6
17.1,1580,16.21,1.47,21.6
17.2,1580,16.21,1.40,21.5
17.3,1580,16.21,1.47,21.5
17.4,1580,16.20,1.42,21.6
17.5,1580,16.20,1.43,21.6
17.6,1580,16.20,1.46,21.6
17.7,1580,16.20,1.40,21.5
17.8,1580,16.20,1.48,21.5
17.9,1580,16.19,1.41,21.6
18.0,1580,16.19,1.44,21.6
18.1,1580,16.19,1.45,21.6
18.2,1580,16.19,1.40,21.5
18.3,1580,16.19,1.48,21.5
18.4,1580,16.18,1.40,21.6
18.5,1580,16.18,1.45,21.6
18.6,1580,16.18,1.44,21.5
18.7,1580,16.18,1.41,21.5
18.8,1580,16.17,1.48,21.5
18.9,1580,16.17,1.40,21.6
19.0,1580,16.17,1.46,21.6
19.1,1580,16.17,1.43,21.5
19.2,1580,16.16,1.42,21.5
19.3,1580,16.16,1.47,21.5
19.4,1580,16.16,1.40,21.6
19.5,1580,16.16,1.47,21.6
19.6,1580,16.15,1.42,21.5
19.7,1580,16.15,1.43,21.5
19.8,1580,16.15,1.47,21.5
19.9,1580,16.15,1.40,21.5
20.0,1580,16.14,1.47,21.5
20.1,1580,16.14,1.41,21.5
20.2,1580,16.14,1.44,21.5
20.3,1580,16.14,1.46,21.5
20.4,1580,16.14,1.40,21.5
20.5,1580,16.13,1.48,21.5
20.6,1580,16.13,1.41,21.5
20.7,1580,16.13,1.45,21.4
20.8,1580,16.13,1.45,21.5
20.9,1580,16.13,1.41,21.5
21.0,1580,16.13,1.48,21.5
21.1,1580,16.13,1.40,21.5
21.2,1580,16.13,1.46,21.4
21.3,1580,16.12,1.44,21.5
21.4,1580,16.12,1.42,21.5
21.5,1580,16.12,1.47,21.5
21.6,1580,16.12,1.40,21.4
21.7,1580,16.12,1.47,21.4
21.8,1580,16.12,1.43,21.5
21.9,1580,16.12,1.43,21.5
22.0,1580,16.12,1.47,21.5
22.1,1580,16.12,1.40,21.4
22.2,1580,16.12,1.47,21.4
22.3,1580,16.12,1.42,21.5
22.4,1580,16.12,1.44,21.5
22.5,1580,16.12,1.46,21.5
22.6,1580,16.12,1.40,21.4
22.7,1580,16.12,1.48,21.4
22.8,1580,16.13,1.41,21.5
22.9,1580,16.13,1.45,21.5
23.0,1580,16.13,1.45,21.5
23.1,1580,16.13,1.41,21.4
23.2,1580,16.13,1.48,21.4
23.3,1580,16.13,1.40,21.5
23.4,1580,16.13,1.46,21.5
23.5,1580,16.14,1.44,21.4
23.6,1580,16.14,1.41,21.4
23.7,1580,16.14,1.48,21.4
23.8,1580,16.14,1.40,21.5
23.9,1580,16.14,1.46,21.5
24.0,1580,16.14,1.43,21.4
24.1,1580,16.15,1.42,21.4
24.2,1580,16.15,1.47,21.4
24.3,1580,16.15,1.40,21.5
24.4,1580,16.15,1.47,21.5
24.5,1580,16.16,1.42,21.4
24.6,1580,16.16,1.43,21.4
24.7,1580,16.16,1.46,21.4
24.8,1580,16.16,1.40,21.5
24.9,1580,16.17,1.48,21.5
25.0,1580,16.17,1.41,21.4
25.1,1580,16.17,1.44,21.4
25.2,1580,16.17,1.45,21.4
25.3,1580,16.18,1.40,21.5
25.4,1580,16.18,1.48,21.4
25.5,1580,16.18,1.40,21.4
25.6,1580,16.18,1.45,21.4
25.7,1580,16.19,1.44,21.4
25.8,1580,16.19,1.41,21.4
25.9,1580,16.19,1.48,21.4
26.0,1580,16.19,1.40,21.4
26.1,1580,16.19,1.46,21.3
26.2,1580,16.20,1.43,21.4
26.3,1580,16.20,1.42,21.4
26.4,1580,16.20,1.47,21.4
26.5,1580,16.20,1.40,21.4
26.6,1580,16.21,1.47,21.3
26.7,1580,16.21,1.42,21.4
26.8,1580,16.21,1.43,21.4
26.9,1580,16.21,1.47,21.4
27.0,1580,16.21,1.40,21.3
27.1,1580,16.21,1.47,21.3
27.2,1580,16.21,1.41,21.4
27.3,1580,16.22,1.44,21.4
27.4,1580,16.22,1.46,21.4
27.5,1580,16.22,1.40,21.3
27.6,1580,16.22,1.48,21.3
27.7,1580,16.22,1.41,21.4
27.8,1580,16.22,1.45,21.4
27.9,1580,16.22,1.45,21.4
28.0,1580,16.22,1.41,21.3
28.1,1580,16.22,1.48,21.3
28.2,1580,16.22,1.40,21.4
28.3,1580,16.22,1.46,21.4
28.4,1580,16.22,1.44,21.4
28.5,1580,16.22,1.42,21.3
28.6,1580,16.22,1.47,21.3
28.7,1580,16.22,1.40,21.4
28.8,1580,16.22,1.47,21.4
28.9,1580,16.22,1.43,21.3
29.0,1580,16.22,1.43,21.3
29.1,1580,16.22,1.47,21.3
29.2,1580,16.22,1.40,21.4
29.3,1580,16.22,1.47,21.4
29.4,1580,16.21,1.42,21.3
29.5,1580,16.21,1.44,21.3
29.6,1580,16.21,1.46,21.3
29.7,1580,16.21,1.40,21.4
29.8,1580,16.21,1.48,21.4
29.9,1580,16.21,1.41,21.3
30.0,1500,16.23,0.08,21.3
30.1,1500,16.23,0.08,21.3
30.2,1500,16.23,0.04,21.4
30.3,1500,16.23,0.11,21.4
30.4,1500,16.22,0.04,21.3
30.5,1500,16.22,0.09,21.3
30.6,1500,16.22,0.07,21.3
30.7,1500,16.22,0.05,21.4
30.8,1500,16.21,0.11,21.3
30.9,1500,16.21,0.03,21.3
31.0,1500,16.21,0.10,21.3
31.1,1500,16.21,0.06,21.3
31.2,1500,16.20,0.05,21.4
31.3,1500,16.20,0.10,21.3
31.4,1500,16.20,0.03,21.3
31.5,1500,16.20,0.10,21.3
31.6,1500,16.19,0.05,21.3
31.7,1500,16.19,0.06,21.3
31.8,1500,16.19,0.10,21.3
31.9,1500,16.19,0.03,21.2
32.0,1500,16.18,0.11,21.2
32.1,1500,16.18,0.04,21.3
32.2,1500,16.18,0.08,21.3
32.3,1500,16.18,0.09,21.3
32.4,1500,16.18,0.04,21.2
32.5,1500,16.17,0.11,21.2
32.6,1500,16.17,0.04,21.3
32.7,1500,16.17,0.09,21.3
32.8,1500,16.17,0.08,21.3
32.9,1500,16.17,0.04,21.2
33.0,1500,16.16,0.11,21.2
33.1,1500,16.16,0.03,21.3
33.2,1500,16.16,0.09,21.3
33.3,1500,16.16,0.07,21.3
33.4,1500,16.16,0.05,21.2
33.5,1500,16.16,0.10,21.2
33.6,1500,16.15,0.03,21.3
33.7,1500,16.15,0.10,21.3
33.8,1500,16.15,0.06,21.2
33.9,1500,16.15,0.06,21.2
34.0,1500,16.15,0.10,21.2
34.1,1500,16.15,0.03,21.3
34.2,1500,16.15,0.11,21.3
34.3,1500,16.15,0.05,21.2
34.4,1500,16.15,0.07,21.2
34.5,1500,16.15,0.09,21.2
34.6,1500,16.15,0.03,21.3
34.7,1500,16.15,0.11,21.3
34.8,1500,16.15,0.04,21.2
34.9,1500,16.15,0.08,21.2
35.0,1500,16.15,0.08,21.2
35.1,1500,16.15,0.04,21.3
35.2,1500,16.15,0.11,21.3
35.3,1500,16.15,0.03,21.2
35.4,1500,16.15,0.09,21.2
35.5,1500,16.15,0.07,21.2
35.6,1500,16.16,0.05,21.3
35.7,1500,16.16,0.11,21.2
35.8,1500,16.16,0.03,21.2
35.9,1500,16.16,0.10,21.2
36.0,1500,16.16,0.06,21.2
36.1,1500,16.16,0.06,21.3
36.2,1500,16.16,0.10,21.2
36.3,1500,16.17,0.03,21.2
36.4,1500,16.17,0.11,21.2
36.5,1500,16.17,0.05,21.2
36.6,1500,16.17,0.07,21.3
36.7,1500,16.18,0.09,21.2
36.8,1500,16.18,0.03,21.2
36.9,1500,16.18,0.11,21.2
37.0,1500,16.18,0.04,21.2
37.1,1500,16.18,0.08,21.2
37.2,1500,16.19,0.08,21.2
37.3,1500,16.19,0.04,21.1
37.4,1500,16.19,0.11,21.2
37.5,1500,16.19,0.04,21.2
37.6,1500,16.20,0.09,21.2
37.7,1500,16.20,0.07,21.2
37.8,1500,16.20,0.05,21.1
37.9,1500,16.20,0.11,21.1
38.0,1500,16.21,0.03,21.2
38.1,1500,16.21,0.10,21.2
38.2,1500,16.21,0.06,21.2
38.3,1500,16.21,0.05,21.1
38.4,1500,16.22,0.10,21.1
38.5,1500,16.22,0.03,21.2
38.6,1500,16.22,0.10,21.2
38.7,1500,16.22,0.05,21.2
38.8,1500,16.23,0.06,21.1
38.9,1500,16.23,0.10,21.1
39.0,1500,16.23,0.03,21.2
39.1,1500,16.23,0.11,21.2
39.2,1500,16.23,0.04,21.1
39.3,1500,16.23,0.08,21.1
39.4,1500,16.24,0.09,21.1
39.5,1500,16.24,0.04,21.2
39.6,1500,16.24,0.11,21.2
39.7,1500,16.24,0.04,21.1
39.8,1500,16.24,0.09,21.1
39.9,1500,16.24,0.08,21.1
40.0,1350,16.17,3.58,21.2
40.1,1350,16.17,3.65,21.2
40.2,1350,16.18,3.57,21.1
40.3,1350,16.18,3.64,21.1
40.4,1350,16.18,3.61,21.1
40.5,1350,16.18,3.59,21.2
40.6,1350,16.18,3.65,21.2
40.7,1350,16.18,3.57,21.1
40.8,1350,16.18,3.64,21.1
40.9,1350,16.18,3.60,21.2
41.0,1350,16.18,3.60,21.2
41.1,1350,16.18,3.64,21.2
41.2,1350,16.18,3.57,21.1
41.3,1350,16.18,3.65,21.1
41.4,1350,16.18,3.59,21.2
41.5,1350,16.18,3.61,21.2
41.6,1350,16.17,3.63,21.2
41.7,1350,16.17,3.58,21.1
41.8,1350,16.17,3.65,21.1
41.9,1350,16.17,3.58,21.2
42.0,1350,16.17,3.62,21.2
42.1,1350,16.17,3.62,21.2
42.2,1350,16.17,3.58,21.1
42.3,1350,16.17,3.65,21.1
42.4,1350,16.16,3.57,21.2
42.5,1350,16.16,3.63,21.2
42.6,1350,16.16,3.61,21.1
42.7,1350,16.16,3.59,21.1
42.8,1350,16.16,3.65,21.1
42.9,1350,16.15,3.57,21.2
43.0,1350,16.15,3.64,21.2
43.1,1350,16.15,3.60,21.1
43.2,1350,16.15,3.60,21.1
43.3,1350,16.14,3.64,21.1
43.4,1350,16.14,3.57,21.2
43.5,1350,16.14,3.65,21.2
43.6,1350,16.14,3.59,21.1
43.7,1350,16.14,3.61,21.1
43.8,1350,16.13,3.63,21.1
43.9,1350,16.13,3.57,21.2
44.0,1350,16.13,3.65,21.2
44.1,1350,16.13,3.58,21.1
44.2,1350,16.12,3.62,21.1
44.3,1350,16.12,3.62,21.1
44.4,1350,16.12,3.58,21.2
44.5,1350,16.12,3.65,21.2
44.6,1350,16.11,3.58,21.1
44.7,1350,16.11,3.63,21.1
44.8,1350,16.11,3.61,21.2
44.9,1350,16.11,3.59,21.2
45.0,1350,16.10,3.65,21.2
45.1,1350,16.10,3.57,21.1
45.2,1350,16.10,3.64,21.1
45.3,1350,16.10,3.60,21.2
45.4,1350,16.10,3.60,21.2
45.5,1350,16.09,3.64,21.2
45.6,1350,16.09,3.57,21.1
45.7,1350,16.09,3.65,21.1
45.8,1350,16.09,3.59,21.2
45.9,1350,16.09,3.61,21.2
46.0,1350,16.09,3.64,21.2
46.1,1350,16.08,3.57,21.1
46.2,1350,16.08,3.65,21.1
46.3,1350,16.08,3.59,21.2
46.4,1350,16.08,3.62,21.2
46.5,1350,16.08,3.63,21.2
46.6,1350,16.08,3.58,21.1
46.7,1350,16.08,3.65,21.1
46.8,1350,16.08,3.58,21.2
46.9,1350,16.08,3.63,21.2
47.0,1350,16.08,3.62,21.2
47.1,1350,16.08,3.58,21.1
47.2,1350,16.08,3.65,21.1
47.3,1350,16.08,3.57,21.2
47.4,1350,16.08,3.64,21.2
47.5,1350,16.08,3.61,21.2
47.6,1350,16.08,3.59,21.1
47.7,1350,16.08,3.65,21.1
47.8,1350,16.08,3.57,21.2
47.9,1350,16.08,3.64,21.2
48.0,1350,16.08,3.60,21.2
48.1,1350,16.08,3.60,21.1
48.2,1350,16.09,3.64,21.1
48.3,1350,16.09,3.57,21.2
48.4,1350,16.09,3.65,21.2
48.5,1350,16.09,3.59,21.1
48.6,1350,16.09,3.61,21.1
48.7,1350,16.09,3.63,21.2
48.8,1350,16.09,3.58,21.2
48.9,1350,16.10,3.65,21.2
49.0,1350,16.10,3.58,21.1
49.1,1350,16.10,3.62,21.1
49.2,1350,16.10,3.62,21.2
49.3,1350,16.10,3.58,21.2
49.4,1350,16.11,3.65,21.2
49.5,1350,16.11,3.57,21.1
49.6,1350,16.11,3.63,21.1
49.7,1350,16.11,3.61,21.2
49.8,1350,16.12,3.59,21.2
49.9,1350,16.12,3.65,21.2
50.0,1350,16.12,3.57,21.1
50.1,1350,16.12,3.64,21.1
50.2,1350,16.13,3.60,21.2
50.3,1350,16.13,3.60,21.2
50.4,1350,16.13,3.64,21.2
50.5,1350,16.13,3.57,21.1
50.6,1350,16.14,3.65,21.1
50.7,1350,16.14,3.59,21.2
50.8,1350,16.14,3.61,21.2
50.9,1350,16.14,3.63,21.2
51.0,1350,16.15,3.57,21.1
51.1,1350,16.15,3.65,21.1
51.2,1350,16.15,3.58,21.2
51.3,1350,16.15,3.62,21.2
51.4,1350,16.16,3.62,21.2
51.5,1350,16.16,3.58,21.1
51.6,1350,16.16,3.65,21.1
51.7,1350,16.16,3.58,21.2
51.8,1350,16.16,3.63,21.2
51.9,1350,16.16,3.61,21.2
52.0,1350,16.17,3.59,21.1
52.1,1350,16.17,3.65,21.1
52.2,1350,16.17,3.57,21.2
52.3,1350,16.17,3.64,21.2
52.4,1350,16.17,3.60,21.2
52.5,1350,16.17,3.60,21.1
52.6,1350,16.17,3.64,21.1
52.7,1350,16.18,3.57,21.2
52.8,1350,16.18,3.65,21.2
52.9,1350,16.18,3.59,21.2
53.0,1350,16.18,3.61,21.1
53.1,1350,16.18,3.64,21.2
53.2,1350,16.18,3.57,21.2
53.3,1350,16.18,3.65,21.2
53.4,1350,16.18,3.59,21.2
53.5,1350,16.18,3.62,21.1
53.6,1350,16.18,3.63,21.2
53.7,1350,16.18,3.58,21.2
53.8,1350,16.18,3.65,21.2
53.9,1350,16.18,3.58,21.2
54.0,1350,16.18,3.63,21.1
54.1,1350,16.18,3.62,21.2
54.2,1350,16.17,3.58,21.2
54.3,1350,16.17,3.65,21.2
54.4,1350,16.17,3.57,21.1
54.5,1350,16.17,3.64,21.1
54.6,1350,16.17,3.61,21.2
54.7,1350,16.17,3.59,21.2
54.8,1350,16.17,3.65,21.2
54.9,1350,16.16,3.57,21.1
55.0,1350,16.16,3.64,21.1
55.1,1350,16.16,3.60,21.2
55.2,1350,16.16,3.60,21.2
55.3,1350,16.16,3.64,21.2
55.4,1350,16.16,3.57,21.1
55.5,1350,16.15,3.65,21.1
55.6,1350,16.15,3.59,21.2
55.7,1350,16.15,3.61,21.2
55.8,1350,16.15,3.63,21.2
55.9,1350,16.14,3.58,21.1
56.0,1350,16.14,3.65,21.1
56.1,1350,16.14,3.58,21.2
56.2,1350,16.14,3.62,21.2
56.3,1350,16.13,3.62,21.2
56.4,1350,16.13,3.58,21.1
56.5,1350,16.13,3.65,21.1
56.6,1350,16.13,3.57,21.2
56.7,1350,16.12,3.63,21.2
56.8,1350,16.12,3.61,21.2
56.9,1350,16.12,3.59,21.1
57.0,1350,16.12,3.65,21.2
57.1,1350,16.11,3.57,21.2
57.2,1350,16.11,3.64,21.2
57.3,1350,16.11,3.60,21.2
57.4,1350,16.11,3.60,21.1
57.5,1350,16.11,3.64,21.2
57.6,1350,16.10,3.57,21.2
57.7,1350,16.10,3.65,21.2
57.8,1350,16.10,3.59,21.2
57.9,1350,16.10,3.61,21.1
58.0,1350,16.09,3.63,21.2
58.1,1350,16.09,3.57,21.2
58.2,1350,16.09,3.65,21.2
58.3,1350,16.09,3.58,21.2
58.4,1350,16.09,3.62,21.1
58.5,1350,16.09,3.62,21.2
58.6,1350,16.09,3.58,21.2
58.7,1350,16.08,3.65,21.2
58.8,1350,16.08,3.58,21.2
58.9,1350,16.08,3.63,21.1
59.0,1350,16.08,3.61,21.2
59.1,1350,16.08,3.59,21.2
59.2,1350,16.08,3.65,21.2
59.3,1350,16.08,3.57,21.2
59.4,1350,16.08,3.64,21.1
59.5,1350,16.08,3.60,21.2
59.6,1350,16.08,3.60,21.2
59.7,1350,16.08,3.64,21.2
59.8,1350,16.08,3.57,21.1
59.9,1350,16.08,3.65,21.1
60.0,1500,16.15,0.05,21.2
60.1,1500,16.15,0.06,21.2
60.2,1500,16.15,0.10,21.2
60.3,1500,16.15,0.03,21.1
60.4,1500,16.15,0.11,21.1
60.5,1500,16.15,0.04,21.2
60.6,1500,16.15,0.08,21.2
60.7,1500,16.16,0.09,21.2
60.8,1500,16.16,0.04,21.1
60.9,1500,16.16,0.11,21.1
61.0,1500,16.16,0.04,21.2
61.1,1500,16.16,0.09,21.2
61.2,1500,16.16,0.08,21.2
61.3,1500,16.16,0.04,21.1
61.4,1500,16.17,0.11,21.1
61.5,1500,16.17,0.03,21.2
61.6,1500,16.17,0.09,21.2
61.7,1500,16.17,0.07,21.2
61.8,1500,16.17,0.05,21.1
61.9,1500,16.18,0.10,21.1
62.0,1500,16.18,0.03,21.2
62.1,1500,16.18,0.10,21.2
62.2,1500,16.18,0.06,21.1
62.3,1500,16.19,0.06,21.1
62.4,1500,16.19,0.10,21.1
62.5,1500,16.19,0.03,21.2
62.6,1500,16.19,0.11,21.2
62.7,1500,16.20,0.05,21.1
62.8,1500,16.20,0.07,21.1
62.9,1500,16.20,0.09,21.1
63.0,1500,16.20,0.03,21.2
63.1,1500,16.21,0.11,21.2
63.2,1500,16.21,0.04,21.1
63.3,1500,16.21,0.08,21.1
63.4,1500,16.21,0.08,21.1
63.5,1500,16.22,0.04,21.2
63.6,1500,16.22,0.11,21.2
63.7,1500,16.22,0.03,21.1
63.8,1500,16.22,0.09,21.1
63.9,1500,16.22,0.07,21.1
64.0,1500,16.23,0.05,21.2
64.1,1500,16.23,0.11,21.1
64.2,1500,16.23,0.03,21.1
64.3,1500,16.23,0.10,21.1
64.4,1500,16.23,0.06,21.1
64.5,1500,16.24,0.06,21.2
64.6,1500,16.24,0.10,21.1
64.7,1500,16.24,0.03,21.1
64.8,1500,16.24,0.11,21.1
64.9,1500,16.24,0.05,21.1
65.0,1500,16.24,0.07,21.1
65.1,1500,16.24,0.09,21.1
65.2,1500,16.25,0.03,21.1
65.3,1500,16.25,0.11,21.1
65.4,1500,16.25,0.04,21.1
65.5,1500,16.25,0.08,21.1
65.6,1500,16.25,0.08,21.1
65.7,1500,16.25,0.04,21.0
65.8,1500,16.25,0.11,21.1
65.9,1500,16.25,0.04,21.1
66.0,1500,16.25,0.09,21.1
66.1,1500,16.25,0.07,21.1
66.2,1500,16.25,0.05,21.0
66.3,1500,16.25,0.11,21.0
66.4,1500,16.25,0.03,21.1
66.5,1500,16.25,0.10,21.1
66.6,1500,16.25,0.06,21.1
66.7,1500,16.25,0.05,21.0
66.8,1500,16.24,0.10,21.0
66.9,1500,16.24,0.03,21.1
67.0,1500,16.24,0.10,21.1
67.1,1500,16.24,0.05,21.1
67.2,1500,16.24,0.06,21.0
67.3,1500,16.24,0.10,21.0
67.4,1500,16.24,0.03,21.1
67.5,1500,16.24,0.11,21.1
67.6,1500,16.23,0.04,21.0
67.7,1500,16.23,0.08,21.0
67.8,1500,16.23,0.09,21.0
67.9,1500,16.23,0.04,21.1
68.0,1500,16.23,0.11,21.1
68.1,1500,16.22,0.04,21.0
68.2,1500,16.22,0.09,21.0
68.3,1500,16.22,0.08,21.0
68.4,1500,16.22,0.04,21.1
68.5,1500,16.21,0.11,21.1
68.6,1500,16.21,0.03,21.0
68.7,1500,16.21,0.09,21.0
68.8,1500,16.21,0.07,21.0
68.9,1500,16.20,0.05,21.1
69.0,1500,16.20,0.10,21.1
69.1,1500,16.20,0.03,21.0
69.2,1500,16.20,0.10,21.0
69.3,1500,16.19,0.06,21.0
69.4,1500,16.19,0.06,21.1
69.5,1500,16.19,0.10,21.0
69.6,1500,16.19,0.03,21.0
69.7,1500,16.18,0.11,21.0
69.8,1500,16.18,0.05,21.0
69.9,1500,16.18,0.07,21.1
70.0,1750,15.97,10.41,21.0
70.1,1750,15.97,10.35,21.0
70.2,1750,15.97,10.43,21.0
70.3,1750,15.96,10.36,21.1
70.4,1750,15.96,10.40,21.1
70.5,1750,15.96,10.40,21.1
70.6,1750,15.96,10.36,21.1
70.7,1750,15.96,10.43,21.1
70.8,1750,15.96,10.35,21.2
70.9,1750,15.95,10.41,21.2
71.0,1750,15.95,10.39,21.2
71.1,1750,15.95,10.37,21.1
71.2,1750,15.95,10.42,21.2
71.3,1750,15.95,10.35,21.3
71.4,1750,15.95,10.42,21.3
71.5,1750,15.95,10.38,21.2
71.6,1750,15.95,10.38,21.2
71.7,1750,15.94,10.42,21.3
71.8,1750,15.94,10.35,21.3
71.9,1750,15.94,10.42,21.4
72.0,1750,15.94,10.37,21.3
72.1,1750,15.94,10.39,21.3
72.2,1750,15.94,10.41,21.3
72.3,1750,15.94,10.35,21.4
72.4,1750,15.94,10.43,21.4
72.5,1750,15.94,10.36,21.4
72.6,1750,15.94,10.40,21.4
72.7,1750,15.94,10.40,21.4
72.8,1750,15.94,10.36,21.5
72.9,1750,15.95,10.43,21.5
73.0,1750,15.95,10.35,21.4
73.1,1750,15.95,10.41,21.4
73.2,1750,15.95,10.39,21.5
73.3,1750,15.95,10.36,21.6
73.4,1750,15.95,10.43,21.5
73.5,1750,15.95,10.35,21.5
73.6,1750,15.95,10.42,21.5
73.7,1750,15.96,10.38,21.6
73.8,1750,15.96,10.37,21.6
73.9,1750,15.96,10.42,21.6
74.0,1750,15.96,10.35,21.6
74.1,1750,15.96,10.42,21.6
74.2,1750,15.96,10.37,21.6
74.3,1750,15.97,10.38,21.7
74.4,1750,15.97,10.41,21.7
74.5,1750,15.97,10.35,21.6
74.6,1750,15.97,10.43,21.6
74.7,1750,15.98,10.36,21.7
74.8,1750,15.98,10.39,21.8
74.9,1750,15.98,10.41,21.7
75.0,1750,15.98,10.35,21.7
75.1,1750,15.99,10.43,21.7
75.2,1750,15.99,10.35,21.8
75.3,1750,15.99,10.40,21.8
75.4,1750,15.99,10.40,21.8
75.5,1750,16.00,10.36,21.8
75.6,1750,16.00,10.43,21.8
75.7,1750,16.00,10.35,21.9
75.8,1750,16.00,10.41,21.9
75.9,1750,16.01,10.38,21.9
76.0,1750,16.01,10.37,21.8
76.1,1750,16.01,10.42,21.9
76.2,1750,16.01,10.35,21.9
76.3,1750,16.01,10.42,22.0
76.4,1750,16.02,10.37,21.9
76.5,1750,16.02,10.38,21.9
76.6,1750,16.02,10.42,21.9
76.7,1750,16.02,10.35,22.0
76.8,1750,16.02,10.43,22.0
76.9,1750,16.03,10.36,22.0
77.0,1750,16.03,10.39,22.0
77.1,1750,16.03,10.41,22.0
77.2,1750,16.03,10.35,22.1
77.3,1750,16.03,10.43,22.1
77.4,1750,16.03,10.36,22.0
77.5,1750,16.04,10.40,22.0
77.6,1750,16.04,10.40,22.1
77.7,1750,16.04,10.36,22.1
77.8,1750,16.04,10.43,22.1
77.9,1750,16.04,10.35,22.1
78.0,1750,16.04,10.41,22.1
78.1,1750,16.04,10.39,22.2
78.2,1750,16.04,10.37,22.2
78.3,1750,16.04,10.42,22.2
78.4,1750,16.04,10.35,22.2
78.5,1750,16.04,10.42,22.2
78.6,1750,16.04,10.38,22.2
78.7,1750,16.04,10.38,22.3
78.8,1750,16.04,10.42,22.3
78.9,1750,16.04,10.35,22.2
79.0,1750,16.04,10.42,22.2
79.1,1750,16.04,10.37,22.3
79.2,1750,16.04,10.39,22.3
79.3,1750,16.04,10.41,22.3
79.4,1750,16.04,10.35,22.3
79.5,1750,16.04,10.43,22.3
79.6,1750,16.04,10.36,22.4
79.7,1750,16.03,10.40,22.4
79.8,1750,16.03,10.40,22.4
79.9,1750,16.03,10.36,22.3
80.0,1750,16.03,10.43,22.4
80.1,1750,16.03,10.35,22.4
80.2,1750,16.03,10.41,22.5
80.3,1750,16.02,10.39,22.4
80.4,1750,16.02,10.36,22.4
80.5,1750,16.02,10.43,22.4
80.6,1750,16.02,10.35,22.5
80.7,1750,16.02,10.42,22.5
80.8,1750,16.01,10.38,22.5
80.9,1750,16.01,10.37,22.5
81.0,1750,16.01,10.42,22.5
81.1,1750,16.01,10.35,22.6
81.2,1750,16.00,10.42,22.6
81.3,1750,16.00,10.37,22.5
81.4,1750,16.00,10.38,22.5
81.5,1750,16.00,10.41,22.6
81.6,1750,15.99,10.35,22.6
81.7,1750,15.99,10.43,22.6
81.8,1750,15.99,10.36,22.6
81.9,1750,15.99,10.39,22.6
82.0,1750,15.98,10.41,22.6
82.1,1750,15.98,10.35,22.7
82.2,1750,15.98,10.43,22.7
82.3,1750,15.98,10.35,22.7
82.4,1750,15.98,10.40,22.6
82.5,1750,15.97,10.40,22.7
82.6,1750,15.97,10.36,22.8
82.7,1750,15.97,10.43,22.8
82.8,1750,15.97,10.35,22.7
82.9,1750,15.96,10.41,22.7
83.0,1750,15.96,10.38,22.8
83.1,1750,15.96,10.37,22.8
83.2,1750,15.96,10.42,22.8
83.3,1750,15.96,10.35,22.8
83.4,1750,15.95,10.42,22.8
83.5,1750,15.95,10.37,22.8
83.6,1750,15.95,10.38,22.9
83.7,1750,15.95,10.42,22.9
83.8,1750,15.95,10.35,22.8
83.9,1750,15.95,10.43,22.8
84.0,1750,15.95,10.36,22.9
84.1,1750,15.95,10.39,22.9
84.2,1750,15.95,10.41,22.9
84.3,1750,15.94,10.35,22.9
84.4,1750,15.94,10.43,22.9
84.5,1750,15.94,10.36,23.0
84.6,1750,15.94,10.40,23.0
84.7,1750,15.94,10.40,23.0
84.8,1750,15.94,10.36,22.9
84.9,1750,15.94,10.43,23.0
85.0,1750,15.94,10.35,23.0
85.1,1750,15.94,10.41,23.1
85.2,1750,15.94,10.39,23.0
85.3,1750,15.94,10.37,23.0
85.4,1750,15.94,10.42,23.0
85.5,1750,15.95,10.35,23.1
85.6,1750,15.95,10.42,23.1
85.7,1750,15.95,10.38,23.1
85.8,1750,15.95,10.38,23.0
85.9,1750,15.95,10.42,23.1
86.0,1750,15.95,10.35,23.2
86.1,1750,15.95,10.42,23.2
86.2,1750,15.95,10.37,23.1
86.3,1750,15.96,10.39,23.1
86.4,1750,15.96,10.41,23.1
86.5,1750,15.96,10.35,23.2
86.6,1750,15.96,10.43,23.2
86.7,1750,15.96,10.36,23.2
86.8,1750,15.97,10.40,23.2
86.9,1750,15.97,10.40,23.2
87.0,1750,15.97,10.36,23.3
87.1,1750,15.97,10.43,23.3
87.2,1750,15.97,10.35,23.2
87.3,1750,15.98,10.41,23.2
87.4,1750,15.98,10.39,23.3
87.5,1750,15.98,10.36,23.3
87.6,1750,15.98,10.43,23.3
87.7,1750,15.99,10.35,23.3
87.8,1750,15.99,10.42,23.3
87.9,1750,15.99,10.38,23.3
88.0,1750,15.99,10.37,23.4
88.1,1750,16.00,10.42,23.4
88.2,1750,16.00,10.35,23.3
88.3,1750,16.00,10.42,23.3
88.4,1750,16.00,10.37,23.4
88.5,1750,16.01,10.38,23.5
88.6,1750,16.01,10.41,23.4
88.7,1750,16.01,10.35,23.4
88.8,1750,16.01,10.43,23.4
88.9,1750,16.02,10.36,23.5
89.0,1750,16.02,10.39,23.5
89.1,1750,16.02,10.41,23.5
89.2,1750,16.02,10.35,23.4
89.3,1750,16.02,10.43,23.5
89.4,1750,16.03,10.35,23.5
89.5,1750,16.03,10.40,23.6
89.6,1750,16.03,10.40,23.5
89.7,1750,16.03,10.36,23.5
89.8,1750,16.03,10.43,23.5
89.9,1750,16.03,10.35,23.6
90.0,1750,16.04,10.41,23.6
90.1,1750,16.04,10.38,23.6
90.2,1750,16.04,10.37,23.5
90.3,1750,16.04,10.42,23.6
90.4,1750,16.04,10.35,23.6
90.5,1750,16.04,10.42,23.7
90.6,1750,16.04,10.37,23.6
90.7,1750,16.04,10.38,23.6
90.8,1750,16.04,10.42,23.6
90.9,1750,16.04,10.35,23.7
91.0,1750,16.04,10.43,23.7
91.1,1750,16.04,10.36,23.7
91.2,1750,16.04,10.39,23.6
91.3,1750,16.04,10.41,23.7
91.4,1750,16.04,10.35,23.8
91.5,1750,16.04,10.43,23.8
91.6,1750,16.04,10.36,23.7
91.7,1750,16.04,10.40,23.7
91.8,1750,16.04,10.40,23.8
91.9,1750,16.04,10.36,23.8
92.0,1750,16.04,10.43,23.8
92.1,1750,16.04,10.35,23.8
92.2,1750,16.04,10.41,23.8
92.3,1750,16.03,10.39,23.8
92.4,1750,16.03,10.37,23.9
92.5,1750,16.03,10.42,23.9
92.6,1750,16.03,10.35,23.8
92.7,1750,16.03,10.42,23.8
92.8,1750,16.03,10.38,23.9
92.9,1750,16.02,10.38,23.9
93.0,1750,16.02,10.42,23.9
93.1,1750,16.02,10.35,23.9
93.2,1750,16.02,10.42,23.9
93.3,1750,16.02,10.37,23.9
93.4,1750,16.01,10.39,24.0
93.5,1750,16.01,10.41,24.0
93.6,1750,16.01,10.35,23.9
93.7,1750,16.01,10.43,23.9
93.8,1750,16.00,10.36,24.0
93.9,1750,16.00,10.40,24.0
94.0,1750,16.00,10.40,24.0
94.1,1750,16.00,10.36,24.0
94.2,1750,15.99,10.43,24.0
94.3,1750,15.99,10.35,24.0
94.4,1750,15.99,10.41,24.1
94.5,1750,15.99,10.39,24.0
94.6,1750,15.98,10.36,24.0
94.7,1750,15.98,10.43,24.0
94.8,1750,15.98,10.35,24.1
94.9,1750,15.98,10.42,24.1
95.0,1750,15.97,10.38,24.1
95.1,1750,15.97,10.37,24.0
95.2,1750,15.97,10.42,24.1
95.3,1750,15.97,10.35,24.2
95.4,1750,15.97,10.42,24.2
95.5,1750,15.96,10.37,24.1
95.6,1750,15.96,10.38,24.1
95.7,1750,15.96,10.41,24.1
95.8,1750,15.96,10.35,24.2
95.9,1750,15.96,10.43,24.2
96.0,1750,15.95,10.36,24.2
96.1,1750,15.95,10.39,24.1
96.2,1750,15.95,10.41,24.2
96.3,1750,15.95,10.35,24.3
96.4,1750,15.95,10.43,24.3
96.5,1750,15.95,10.35,24.2
96.6,1750,15.95,10.40,24.2
96.7,1750,15.95,10.40,24.3
96.8,1750,15.94,10.36,24.3
96.9,1750,15.94,10.43,24.3
97.0,1750,15.94,10.35,24.3
97.1,1750,15.94,10.41,24.2
97.2,1750,15.94,10.38,24.3
97.3,1750,15.94,10.37,24.4
97.4,1750,15.94,10.42,24.4
97.5,1750,15.94,10.35,24.3
97.6,1750,15.94,10.42,24.3
97.7,1750,15.94,10.37,24.4
97.8,1750,15.94,10.38,24.4
97.9,1750,15.94,10.42,24.4
98.0,1750,15.94,10.35,24.3
98.1,1750,15.95,10.43,24.4
98.2,1750,15.95,10.36,24.4
98.3,1750,15.95,10.39,24.5
98.4,1750,15.95,10.41,24.4
98.5,1750,15.95,10.35,24.4
98.6,1750,15.95,10.43,24.4
98.7,1750,15.95,10.36,24.5
98.8,1750,15.95,10.40,24.5
98.9,1750,15.96,10.40,24.5
99.0,1750,15.96,10.36,24.4
99.1,1750,15.96,10.43,24.5
99.2,1750,15.96,10.35,24.5
99.3,1750,15.96,10.41,24.6
99.4,1750,15.97,10.39,24.5
99.5,1750,15.97,10.37,24.5
99.6,1750,15.97,10.42,24.5
99.7,1750,15.97,10.35,24.6
99.8,1750,15.97,10.42,24.6
99.9,1750,15.98,10.38,24.6
100.0,1750,15.98,10.38,24.5
100.1,1749,15.98,10.35,24.6
100.2,1748,15.99,10.20,24.6
100.3,1747,15.99,10.21,24.6
100.4,1746,16.00,10.08,24.6
100.5,1745,16.00,10.02,24.6
100.6,1744,16.00,9.98,24.6
100.7,1743,16.01,9.85,24.7
100.8,1742,16.01,9.85,24.7
100.9,1741,16.01,9.71,24.6
101.0,1740,16.02,9.68,24.6
101.1,1739,16.02,9.61,24.7
101.2,1738,16.03,9.50,24.7
101.3,1737,16.03,9.50,24.7
101.4,1736,16.03,9.36,24.7
101.5,1735,16.04,9.34,24.6
101.6,1734,16.04,9.25,24.7
101.7,1733,16.04,9.16,24.7
101.8,1732,16.05,9.15,24.7
101.9,1731,16.05,9.01,24.7
102.0,1730,16.05,9.00,24.7
102.1,1729,16.06,8.90,24.7
102.2,1728,16.06,8.83,24.8
102.3,1727,16.06,8.81,24.7
102.4,1726,16.07,8.67,24.7
102.5,1725,16.07,8.67,24.7
102.6,1724,16.07,8.55,24.7
102.7,1723,16.07,8.50,24.8
102.8,1722,16.08,8.46,24.8
102.9,1721,16.08,8.33,24.7
103.0,1720,16.08,8.35,24.7
103.1,1719,16.08,8.22,24.8
103.2,1718,16.09,8.18,24.8
103.3,1717,16.09,8.13,24.8
103.4,1716,16.09,8.01,24.7
103.5,1715,16.09,8.02,24.7
103.6,1714,16.09,7.88,24.8
103.7,1713,16.09,7.87,24.8
103.8,1712,16.09,7.80,24.8
103.9,1711,16.10,7.70,24.7
104.0,1710,16.10,7.70,24.7
104.1,1709,16.10,7.56,24.8
104.2,1708,16.10,7.56,24.8
104.3,1707,16.10,7.47,24.8
104.4,1706,16.10,7.39,24.7
104.5,1705,16.10,7.38,24.8
104.6,1704,16.10,7.24,24.8
104.7,1703,16.10,7.25,24.8
104.8,1702,16.10,7.15,24.8
104.9,1701,16.10,7.09,24.7
105.0,1700,16.10,7.07,24.8
105.1,1699,16.10,6.94,24.8
105.2,1698,16.10,6.95,24.8
105.3,1697,16.10,6.83,24.8
105.4,1696,16.10,6.80,24.7
105.5,1695,16.10,6.76,24.8
105.6,1694,16.10,6.64,24.8
105.7,1693,16.09,6.66,24.8
105.8,1692,16.09,6.53,24.8
105.9,1691,16.09,6.51,24.7
106.0,1690,16.09,6.45,24.8
106.1,1689,16.09,6.35,24.8
106.2,1688,16.09,6.36,24.8
106.3,1687,16.09,6.23,24.7
106.4,1686,16.09,6.23,24.7
106.5,1685,16.09,6.15,24.8
106.6,1684,16.08,6.07,24.8
106.7,1683,16.08,6.07,24.8
106.8,1682,16.08,5.94,24.7
106.9,1681,16.08,5.95,24.7
107.0,1680,16.08,5.86,24.8
107.1,1679,16.08,5.80,24.8
107.2,1678,16.08,5.79,24.8
107.3,1677,16.07,5.66,24.7
107.4,1676,16.07,5.68,24.7
107.5,1675,16.07,5.57,24.8
107.6,1674,16.07,5.53,24.8
107.7,1673,16.07,5.50,24.8
107.8,1672,16.07,5.39,24.7
107.9,1671,16.07,5.41,24.7
108.0,1670,16.07,5.29,24.8
108.1,1669,16.07,5.27,24.8
108.2,1668,16.06,5.22,24.7
108.3,1667,16.06,5.12,24.7
108.4,1666,16.06,5.14,24.7
108.5,1665,16.06,5.01,24.7
108.6,1664,16.06,5.02,24.8
108.7,1663,16.06,4.95,24.7
108.8,1662,16.06,4.87,24.7
108.9,1661,16.06,4.88,24.7
109.0,1660,16.06,4.75,24.7
109.1,1659,16.06,4.77,24.7
109.2,1658,16.06,4.68,24.7
109.3,1657,16.06,4.62,24.6
109.4,1656,16.06,4.62,24.7
109.5,1655,16.06,4.49,24.7
109.6,1654,16.06,4.52,24.7
109.7,1653,16.06,4.42,24.7
109.8,1652,16.06,4.38,24.6
109.9,1651,16.06,4.36,24.7
110.0,1650,16.06,5.31,24.7
110.1,1650,16.06,5.39,24.7
110.2,1650,16.07,5.33,24.6
110.3,1650,16.07,5.36,24.6
110.4,1650,16.07,5.37,24.6
110.5,1650,16.07,5.32,24.7
110.6,1650,16.07,5.39,24.7
110.7,1650,16.07,5.32,24.6
110.8,1650,16.07,5.37,24.6
110.9,1650,16.07,5.36,24.6
111.0,1650,16.07,5.33,24.7
111.1,1650,16.07,5.39,24.7
111.2,1650,16.07,5.32,24.6
111.3,1650,16.08,5.38,24.6
111.4,1650,16.08,5.35,24.6
111.5,1650,16.08,5.33,24.7
111.6,1650,16.08,5.39,24.7
111.7,1650,16.08,5.31,24.6
111.8,1650,16.08,5.39,24.6
111.9,1650,16.09,5.34,24.6
112.0,1650,16.09,5.34,24.7
112.1,1650,16.09,5.38,24.6
112.2,1650,16.09,5.31,24.6
112.3,1650,16.10,5.39,24.6
112.4,1650,16.10,5.33,24.6
112.5,1650,16.10,5.36,24.7
112.6,1650,16.10,5.37,24.6
112.7,1650,16.10,5.32,24.6
112.8,1650,16.11,5.39,24.6
112.9,1650,16.11,5.32,24.6
113.0,1650,16.11,5.37,24.6
113.1,1650,16.11,5.36,24.6
113.2,1650,16.12,5.32,24.5
113.3,1650,16.12,5.39,24.5
113.4,1650,16.12,5.32,24.6
113.5,1650,16.12,5.38,24.6
113.6,1650,16.13,5.35,24.6
113.7,1650,16.13,5.33,24.5
113.8,1650,16.13,5.39,24.5
113.9,1650,16.13,5.31,24.6
114.0,1650,16.14,5.38,24.6
114.1,1650,16.14,5.34,24.6
114.2,1650,16.14,5.34,24.5
114.3,1650,16.14,5.38,24.5
114.4,1650,16.14,5.31,24.6
114.5,1650,16.15,5.39,24.6
114.6,1650,16.15,5.33,24.5
114.7,1650,16.15,5.35,24.5
114.8,1650,16.15,5.38,24.5
114.9,1650,16.15,5.32,24.6
115.0,1650,16.16,5.39,24.6
115.1,1650,16.16,5.32,24.5
115.2,1650,16.16,5.36,24.5
115.3,1650,16.16,5.37,24.5
115.4,1650,16.16,5.32,24.6
115.5,1650,16.16,5.39,24.6
115.6,1650,16.16,5.32,24.5
115.7,1650,16.16,5.37,24.5
115.8,1650,16.16,5.36,24.5
115.9,1650,16.16,5.33,24.6
116.0,1650,16.16,5.39,24.5
116.1,1650,16.16,5.31,24.5
116.2,1650,16.16,5.38,24.5
116.3,1650,16.16,5.35,24.5
116.4,1650,16.16,5.34,24.6
116.5,1650,16.16,5.39,24.5
116.6,1650,16.16,5.31,24.5
116.7,1650,16.16,5.39,24.5
116.8,1650,16.16,5.34,24.5
116.9,1650,16.16,5.35,24.5
117.0,1650,16.16,5.38,24.5
117.1,1650,16.16,5.31,24.4
117.2,1650,16.16,5.39,24.4
117.3,1650,16.16,5.33,24.5
117.4,1650,16.16,5.36,24.5
117.5,1650,16.16,5.37,24.5
117.6,1650,16.15,5.32,24.4
117.7,1650,16.15,5.39,24.4
117.8,1650,16.15,5.32,24.5
117.9,1650,16.15,5.37,24.5
118.0,1650,16.15,5.36,24.5
118.1,1650,16.14,5.33,24.4
118.2,1650,16.14,5.39,24.4
118.3,1650,16.14,5.32,24.5
118.4,1650,16.14,5.38,24.5
118.5,1650,16.14,5.35,24.5
118.6,1650,16.13,5.33,24.4
118.7,1650,16.13,5.39,24.4
118.8,1650,16.13,5.31,24.5
118.9,1650,16.13,5.39,24.5
119.0,1650,16.12,5.34,24.4
119.1,1650,16.12,5.34,24.4
119.2,1650,16.12,5.38,24.4
119.3,1650,16.12,5.31,24.5
119.4,1650,16.11,5.39,24.5
119.5,1650,16.11,5.33,24.4
119.6,1650,16.11,5.36,24.4
119.7,1650,16.11,5.37,24.4
119.8,1650,16.10,5.32,24.5
119.9,1650,16.10,5.39,24.5
120.0,1650,16.10,5.32,24.4
120.1,1650,16.10,5.37,24.4
120.2,1650,16.09,5.36,24.4
120.3,1650,16.09,5.32,24.5
120.4,1650,16.09,5.39,24.4
120.5,1650,16.09,5.32,24.4
120.6,1650,16.09,5.38,24.4
120.7,1650,16.08,5.35,24.4
120.8,1650,16.08,5.33,24.4
120.9,1650,16.08,5.39,24.4
121.0,1650,16.08,5.31,24.4
121.1,1650,16.08,5.38,24.3
121.2,1650,16.08,5.34,24.4
121.3,1650,16.07,5.34,24.4
121.4,1650,16.07,5.38,24.4
121.5,1650,16.07,5.31,24.3
121.6,1650,16.07,5.39,24.3
121.7,1650,16.07,5.33,24.4
121.8,1650,16.07,5.35,24.4
121.9,1650,16.07,5.38,24.4
122.0,1650,16.07,5.32,24.3
122.1,1650,16.07,5.39,24.3
122.2,1650,16.07,5.32,24.4
122.3,1650,16.06,5.36,24.4
122.4,1650,16.06,5.37,24.4
122.5,1650,16.06,5.32,24.3
122.6,1650,16.06,5.39,24.3
122.7,1650,16.06,5.32,24.4
122.8,1650,16.07,5.37,24.4
122.9,1650,16.07,5.36,24.4
123.0,1650,16.07,5.33,24.3
123.1,1650,16.07,5.39,24.3
123.2,1650,16.07,5.31,24.4
123.3,1650,16.07,5.38,24.4
123.4,1650,16.07,5.35,24.3
123.5,1650,16.07,5.34,24.3
123.6,1650,16.07,5.39,24.3
123.7,1650,16.07,5.31,24.4
123.8,1650,16.07,5.39,24.4
123.9,1650,16.08,5.34,24.3
124.0,1650,16.08,5.35,24.3
124.1,1650,16.08,5.38,24.3
124.2,1650,16.08,5.31,24.4
124.3,1650,16.08,5.39,24.4
124.4,1650,16.09,5.33,24.3
124.5,1650,16.09,5.36,24.3
124.6,1650,16.09,5.37,24.3
124.7,1650,16.09,5.32,24.4
124.8,1650,16.09,5.39,24.3
124.9,1650,16.10,5.32,24.3
125.0,1650,16.10,5.37,24.3
125.1,1650,16.10,5.36,24.3
125.2,1650,16.10,5.33,24.3
125.3,1650,16.11,5.39,24.3
125.4,1650,16.11,5.32,24.3
125.5,1650,16.11,5.38,24.2
125.6,1650,16.11,5.35,24.3
125.7,1650,16.12,5.33,24.3
125.8,1650,16.12,5.39,24.3
125.9,1650,16.12,5.31,24.3
126.0,1650,16.12,5.39,24.2
126.1,1650,16.13,5.34,24.3
126.2,1650,16.13,5.34,24.3
126.3,1650,16.13,5.38,24.3
126.4,1650,16.13,5.31,24.2
126.5,1650,16.13,5.39,24.2
126.6,1650,16.14,5.33,24.3
126.7,1650,16.14,5.36,24.3
126.8,1650,16.14,5.37,24.3
126.9,1650,16.14,5.32,24.2
127.0,1650,16.15,5.39,24.2
127.1,1650,16.15,5.32,24.3
127.2,1650,16.15,5.37,24.3
127.3,1650,16.15,5.36,24.3
127.4,1650,16.15,5.32,24.2
127.5,1650,16.15,5.39,24.2
127.6,1650,16.16,5.32,24.3
127.7,1650,16.16,5.38,24.3
127.8,1650,16.16,5.35,24.2
127.9,1650,16.16,5.33,24.2
128.0,1650,16.16,5.39,24.2
128.1,1650,16.16,5.31,24.3
128.2,1650,16.16,5.38,24.3
128.3,1650,16.16,5.34,24.2
128.4,1650,16.16,5.34,24.2
128.5,1650,16.16,5.38,24.2
128.6,1650,16.16,5.31,24.3
128.7,1650,16.16,5.39,24.3
128.8,1650,16.16,5.33,24.2
128.9,1650,16.16,5.35,24.2
129.0,1650,16.16,5.38,24.2
129.1,1650,16.16,5.32,24.3
129.2,1650,16.16,5.39,24.3
129.3,1650,16.16,5.32,24.2
129.4,1650,16.16,5.36,24.2
129.5,1650,16.16,5.37,24.2
129.6,1650,16.16,5.32,24.3
129.7,1650,16.16,5.39,24.2
129.8,1650,16.16,5.32,24.2
129.9,1650,16.16,5.37,24.2
130.0,1650,16.16,5.36,24.2
130.1,1650,16.15,5.33,24.2
130.2,1650,16.15,5.39,24.2
130.3,1650,16.15,5.31,24.2
130.4,1650,16.15,5.38,24.1
130.5,1650,16.15,5.35,24.2
130.6,1650,16.15,5.34,24.2
130.7,1650,16.14,5.39,24.2
130.8,1650,16.14,5.31,24.1
130.9,1650,16.14,5.39,24.1
131.0,1650,16.14,5.34,24.2
131.1,1650,16.14,5.35,24.2
131.2,1650,16.13,5.38,24.2
131.3,1650,16.13,5.31,24.1
131.4,1650,16.13,5.39,24.1
131.5,1650,16.13,5.33,24.2
131.6,1650,16.12,5.36,24.2
131.7,1650,16.12,5.37,24.2
131.8,1650,16.12,5.32,24.1
131.9,1650,16.12,5.39,24.1
132.0,1650,16.11,5.32,24.2
132.1,1650,16.11,5.37,24.2
132.2,1650,16.11,5.36,24.2
132.3,1650,16.11,5.33,24.1
132.4,1650,16.10,5.39,24.1
132.5,1650,16.10,5.32,24.2
132.6,1650,16.10,5.38,24.2
132.7,1650,16.10,5.35,24.1
132.8,1650,16.09,5.33,24.1
132.9,1650,16.09,5.39,24.1
133.0,1650,16.09,5.31,24.2
133.1,1650,16.09,5.39,24.2
133.2,1650,16.09,5.34,24.1
133.3,1650,16.08,5.34,24.1
133.4,1650,16.08,5.38,24.1
133.5,1650,16.08,5.31,24.2
133.6,1650,16.08,5.39,24.2
133.7,1650,16.08,5.33,24.1
133.8,1650,16.07,5.36,24.1
133.9,1650,16.07,5.37,24.1
134.0,1650,16.07,5.32,24.2
134.1,1650,16.07,5.39,24.2
134.2,1650,16.07,5.32,24.1
134.3,1650,16.07,5.37,24.1
134.4,1650,16.07,5.36,24.1
134.5,1650,16.07,5.32,24.2
134.6,1650,16.07,5.39,24.1
134.7,1650,16.07,5.32,24.1
134.8,1650,16.07,5.38,24.1
134.9,1650,16.06,5.35,24.1
135.0,1650,16.06,5.33,24.2
135.1,1650,16.06,5.39,24.1
135.2,1650,16.06,5.31,24.1
135.3,1650,16.06,5.38,24.1
135.4,1650,16.07,5.34,24.1
135.5,1650,16.07,5.34,24.1
135.6,1650,16.07,5.38,24.1
135.7,1650,16.07,5.31,24.1
135.8,1650,16.07,5.39,24.0
135.9,1650,16.07,5.33,24.1
136.0,1650,16.07,5.35,24.1
136.1,1650,16.07,5.38,24.1
136.2,1650,16.07,5.32,24.0
136.3,1650,16.07,5.39,24.0
136.4,1650,16.08,5.32,24.1
136.5,1650,16.08,5.36,24.1
136.6,1650,16.08,5.37,24.1
136.7,1650,16.08,5.32,24.0
136.8,1650,16.08,5.39,24.0
136.9,1650,16.08,5.32,24.1
137.0,1650,16.09,5.37,24.1
137.1,1650,16.09,5.36,24.1
137.2,1650,16.09,5.33,24.0
137.3,1650,16.09,5.39,24.0
137.4,1650,16.09,5.31,24.1
137.5,1650,16.10,5.38,24.1
137.6,1650,16.10,5.35,24.1
137.7,1650,16.10,5.34,24.0
137.8,1650,16.10,5.39,24.0
137.9,1650,16.11,5.31,24.1
138.0,1650,16.11,5.39,24.1
138.1,1650,16.11,5.34,24.0
138.2,1650,16.11,5.35,24.0
138.3,1650,16.12,5.38,24.0
138.4,1650,16.12,5.31,24.1
138.5,1650,16.12,5.39,24.1
138.6,1650,16.12,5.33,24.0
138.7,1650,16.13,5.36,24.0
138.8,1650,16.13,5.37,24.0
138.9,1650,16.13,5.32,24.1
139.0,1650,16.13,5.39,24.1
139.1,1650,16.14,5.32,24.0
139.2,1650,16.14,5.37,24.0
139.3,1650,16.14,5.36,24.0
139.4,1650,16.14,5.33,24.1
139.5,1650,16.14,5.39,24.1
139.6,1650,16.15,5.32,24.0
139.7,1650,16.15,5.38,24.0
139.8,1650,16.15,5.35,24.0
139.9,1650,16.15,5.33,24.1
140.0,1500,16.24,0.10,24.0
140.1,1500,16.24,0.03,24.0
140.2,1500,16.24,0.10,24.0
140.3,1500,16.24,0.06,24.0
140.4,1500,16.24,0.06,24.0
140.5,1500,16.24,0.10,24.0
140.6,1500,16.25,0.03,23.9
140.7,1500,16.25,0.11,23.9
140.8,1500,16.25,0.05,24.0
140.9,1500,16.25,0.07,24.0
141.0,1500,16.25,0.09,24.0
141.1,1500,16.25,0.03,23.9
141.2,1500,16.25,0.11,23.9
141.3,1500,16.25,0.04,24.0
141.4,1500,16.25,0.08,24.0
141.5,1500,16.25,0.08,23.9
141.6,1500,16.25,0.04,23.9
141.7,1500,16.25,0.11,23.9
141.8,1500,16.25,0.03,23.9
141.9,1500,16.25,0.09,23.9
142.0,1500,16.25,0.07,23.9
142.1,1500,16.25,0.05,23.8
142.2,1500,16.24,0.11,23.9
142.3,1500,16.24,0.03,23.9
142.4,1500,16.24,0.10,23.9
142.5,1500,16.24,0.06,23.9
142.6,1500,16.24,0.06,23.8
142.7,1500,16.24,0.10,23.8
142.8,1500,16.24,0.03,23.9
142.9,1500,16.24,0.11,23.9
143.0,1500,16.23,0.05,23.8
143.1,1500,16.23,0.07,23.8
143.2,1500,16.23,0.09,23.8
143.3,1500,16.23,0.03,23.9
143.4,1500,16.23,0.11,23.8
143.5,1500,16.22,0.04,23.8
143.6,1500,16.22,0.08,23.7
143.7,1500,16.22,0.08,23.8
143.8,1500,16.22,0.04,23.8
143.9,1500,16.21,0.11,23.8
144.0,1500,16.21,0.04,23.8
144.1,1500,16.21,0.09,23.7
144.2,1500,16.21,0.07,23.8
144.3,1500,16.20,0.05,23.8
144.4,1500,16.20,0.11,23.8
144.5,1500,16.20,0.03,23.7
144.6,1500,16.20,0.10,23.7
144.7,1500,16.19,0.06,23.7
144.8,1500,16.19,0.05,23.8
144.9,1500,16.19,0.10,23.7
145.0,1500,16.19,0.03,23.7
145.1,1500,16.18,0.10,23.7
145.2,1500,16.18,0.05,23.7
145.3,1500,16.18,0.06,23.8
145.4,1500,16.18,0.10,23.7
145.5,1500,16.18,0.03,23.7
145.6,1500,16.17,0.11,23.6
145.7,1500,16.17,0.04,23.7
145.8,1500,16.17,0.08,23.7
145.9,1500,16.17,0.09,23.7
146.0,1500,16.17,0.04,23.6
146.1,1500,16.16,0.11,23.6
146.2,1500,16.16,0.04,23.7
146.3,1500,16.16,0.09,23.7
146.4,1500,16.16,0.08,23.6
146.5,1500,16.16,0.04,23.6
146.6,1500,16.16,0.11,23.6
146.7,1500,16.15,0.03,23.7
146.8,1500,16.15,0.09,23.7
146.9,1500,16.15,0.07,23.6
147.0,1500,16.15,0.05,23.6
147.1,1500,16.15,0.10,23.6
147.2,1500,16.15,0.03,23.6
147.3,1500,16.15,0.10,23.6
147.4,1500,16.15,0.06,23.6
147.5,1500,16.15,0.06,23.5
147.6,1500,16.15,0.10,23.6
147.7,1500,16.15,0.03,23.6
147.8,1500,16.15,0.11,23.6
147.9,1500,16.15,0.05,23.5
148.0,1500,16.15,0.07,23.5
148.1,1500,16.15,0.09,23.5
148.2,1500,16.15,0.03,23.6
148.3,1500,16.15,0.11,23.6
148.4,1500,16.15,0.04,23.5
148.5,1500,16.15,0.08,23.5
148.6,1500,16.15,0.08,23.5
148.7,1500,16.16,0.04,23.6
148.8,1500,16.16,0.11,23.5
148.9,1500,16.16,0.03,23.5
149.0,1500,16.16,0.09,23.5
149.1,1500,16.16,0.07,23.5
149.2,1500,16.16,0.05,23.5
149.3,1500,16.16,0.11,23.5
149.4,1500,16.17,0.03,23.5
149.5,1500,16.17,0.10,23.4
149.6,1500,16.17,0.06,23.5
149.7,1500,16.17,0.06,23.5
149.8,1500,16.18,0.10,23.5
149.9,1500,16.18,0.03,23.4
150.0,1500,16.18,0.11,23.4
150.1,1500,16.18,0.05,23.5
150.2,1500,16.18,0.07,23.5
150.3,1500,16.19,0.09,23.5
150.4,1500,16.19,0.03,23.4
150.5,1500,16.19,0.11,23.4
150.6,1500,16.19,0.04,23.4
150.7,1500,16.20,0.08,23.5
150.8,1500,16.20,0.08,23.4
150.9,1500,16.20,0.04,23.4
151.0,1500,16.20,0.11,23.4
151.1,1500,16.21,0.04,23.4
151.2,1500,16.21,0.09,23.4
151.3,1500,16.21,0.07,23.4
151.4,1500,16.21,0.05,23.3
151.5,1500,16.22,0.11,23.3
151.6,1500,16.22,0.03,23.4
151.7,1500,16.22,0.10,23.4
151.8,1500,16.22,0.06,23.4
151.9,1500,16.23,0.05,23.3
152.0,1500,16.23,0.10,23.3
152.1,1500,16.23,0.03,23.4
152.2,1500,16.23,0.10,23.4
152.3,1500,16.23,0.05,23.3
152.4,1500,16.23,0.06,23.3
152.5,1500,16.24,0.10,23.3
152.6,1500,16.24,0.03,23.4
152.7,1500,16.24,0.11,23.4
152.8,1500,16.24,0.04,23.3
152.9,1500,16.24,0.08,23.3
153.0,1500,16.24,0.09,23.3
153.1,1500,16.24,0.04,23.3
153.2,1500,16.25,0.11,23.3
153.3,1500,16.25,0.04,23.3
153.4,1500,16.25,0.09,23.2
153.5,1500,16.25,0.08,23.3
153.6,1500,16.25,0.04,23.3
153.7,1500,16.25,0.11,23.3
153.8,1500,16.25,0.03,23.2
153.9,1500,16.25,0.09,23.2
154.0,1500,16.25,0.07,23.3
154.1,1500,16.25,0.05,23.3
154.2,1500,16.25,0.10,23.3
154.3,1500,16.25,0.03,23.2
154.4,1500,16.25,0.10,23.2
154.5,1500,16.25,0.06,23.2
154.6,1500,16.25,0.06,23.3
154.7,1500,16.25,0.10,23.2
154.8,1500,16.24,0.03,23.2
154.9,1500,16.24,0.11,23.2
155.0,1500,16.24,0.05,23.2
155.1,1500,16.24,0.07,23.2
155.2,1500,16.24,0.09,23.2
155.3,1500,16.24,0.03,23.1
155.4,1500,16.24,0.11,23.1
155.5,1500,16.23,0.04,23.2
155.6,1500,16.23,0.08,23.2
155.7,1500,16.23,0.08,23.2
155.8,1500,16.23,0.04,23.1
155.9,1500,16.23,0.11,23.1
156.0,1500,16.22,0.03,23.2
156.1,1500,16.22,0.09,23.2
156.2,1500,16.22,0.07,23.1
156.3,1500,16.22,0.05,23.1
156.4,1500,16.22,0.11,23.1
156.5,1500,16.21,0.03,23.2
156.6,1500,16.21,0.10,23.2
156.7,1500,16.21,0.06,23.1
156.8,1500,16.21,0.06,23.1
156.9,1500,16.20,0.10,23.1
157.0,1500,16.20,0.03,23.1
157.1,1500,16.20,0.11,23.1
157.2,1500,16.20,0.05,23.1
157.3,1500,16.19,0.07,23.0
157.4,1500,16.19,0.09,23.1
157.5,1500,16.19,0.03,23.1
157.6,1500,16.19,0.11,23.1
157.7,1500,16.18,0.04,23.1
157.8,1500,16.18,0.08,23.0
157.9,1500,16.18,0.08,23.1
158.0,1500,16.18,0.04,23.1
158.1,1500,16.17,0.11,23.1
158.2,1500,16.17,0.04,23.0
158.3,1500,16.17,0.09,23.0
158.4,1500,16.17,0.07,23.0
158.5,1500,16.17,0.05,23.1
158.6,1500,16.16,0.11,23.1
158.7,1500,16.16,0.03,23.0
158.8,1500,16.16,0.10,23.0
158.9,1500,16.16,0.06,23.0
159.0,1500,16.16,0.05,23.1
159.1,1500,16.16,0.10,23.0
159.2,1500,16.16,0.03,23.0
159.3,1500,16.15,0.10,23.0
159.4,1500,16.15,0.05,23.0
159.5,1500,16.15,0.06,23.0
159.6,1500,16.15,0.10,23.0
159.7,1500,16.15,0.03,22.9
159.8,1500,16.15,0.11,22.9
159.9,1500,16.15,0.04,23.0
160.0,1800,15.86,22.21,23.1
160.1,1800,15.86,22.22,23.2
160.2,1800,15.86,22.17,23.2
160.3,1800,15.86,22.25,23.3
160.4,1800,15.86,22.17,23.4
160.5,1800,15.86,22.22,23.6
160.6,1800,15.86,22.21,23.6
160.7,1800,15.87,22.18,23.6
160.8,1800,15.87,22.25,23.7
160.9,1800,15.87,22.17,23.9
161.0,1800,15.87,22.23,24.0
161.1,1800,15.87,22.20,24.0
161.2,1800,15.87,22.19,24.1
161.3,1800,15.87,22.24,24.2
161.4,1800,15.87,22.17,24.3
161.5,1800,15.87,22.24,24.4
161.6,1800,15.88,22.19,24.5
161.7,1800,15.88,22.20,24.5
161.8,1800,15.88,22.24,24.6
161.9,1800,15.88,22.17,24.8
162.0,1800,15.88,22.24,24.9
162.1,1800,15.88,22.18,24.9
162.2,1800,15.89,22.21,25.0
162.3,1800,15.89,22.23,25.1
162.4,1800,15.89,22.17,25.2
162.5,1800,15.89,22.25,25.3
162.6,1800,15.90,22.18,25.3
162.7,1800,15.90,22.22,25.4
162.8,1800,15.90,22.22,25.5
162.9,1800,15.90,22.18,25.6
163.0,1800,15.90,22.25,25.7
163.1,1800,15.91,22.17,25.7
163.2,1800,15.91,22.23,25.8
163.3,1800,15.91,22.21,25.9
163.4,1800,15.91,22.19,26.1
163.5,1800,15.92,22.24,26.1
163.6,1800,15.92,22.17,26.2
163.7,1800,15.92,22.24,26.2
163.8,1800,15.92,22.20,26.4
163.9,1800,15.93,22.20,26.5
164.0,1800,15.93,22.24,26.6
164.1,1800,15.93,22.17,26.6
164.2,1800,15.93,22.24,26.7
164.3,1800,15.94,22.19,26.8
164.4,1800,15.94,22.21,26.9
164.5,1800,15.94,22.23,27.0
164.6,1800,15.94,22.17,27.0
164.7,1800,15.94,22.25,27.1
164.8,1800,15.95,22.18,27.2
164.9,1800,15.95,22.22,27.3
165.0,1800,15.95,22.22,27.4
165.1,1800,15.95,22.18,27.4
165.2,1800,15.95,22.25,27.5
165.3,1800,15.95,22.17,27.6
165.4,1800,15.96,22.23,27.8
165.5,1800,15.96,22.21,27.8
165.6,1800,15.96,22.18,27.8
165.7,1800,15.96,22.25,27.9
165.8,1800,15.96,22.17,28.1
165.9,1800,15.96,22.24,28.2
166.0,1800,15.96,22.20,28.2
166.1,1800,15.96,22.19,28.2
166.2,1800,15.96,22.24,28.3
166.3,1800,15.96,22.17,28.5
166.4,1800,15.96,22.24,28.6
166.5,1800,15.96,22.19,28.6
166.6,1800,15.96,22.20,28.6
166.7,1800,15.96,22.23,28.7
166.8,1800,15.96,22.17,28.9
166.9,1800,15.96,22.25,29.0
167.0,1800,15.96,22.18,29.0
167.1,1800,15.96,22.21,29.0
167.2,1800,15.96,22.22,29.2
167.3,1800,15.96,22.17,29.3
167.4,1800,15.96,22.25,29.4
167.5,1800,15.96,22.17,29.4
167.6,1800,15.96,22.22,29.4
167.7,1800,15.96,22.21,29.6
167.8,1800,15.95,22.18,29.7
167.9,1800,15.95,22.25,29.8
168.0,1800,15.95,22.17,29.8
168.1,1800,15.95,22.23,29.8
168.2,1800,15.95,22.20,30.0
168.3,1800,15.94,22.19,30.1
168.4,1800,15.94,22.24,30.1
168.5,1800,15.94,22.17,30.2
168.6,1800,15.94,22.24,30.2
168.7,1800,15.94,22.19,30.4
168.8,1800,15.93,22.20,30.5
168.9,1800,15.93,22.24,30.5
169.0,1800,15.93,22.17,30.6
169.1,1800,15.93,22.24,30.6
169.2,1800,15.92,22.18,30.8
169.3,1800,15.92,22.21,30.9
169.4,1800,15.92,22.23,30.9
169.5,1800,15.92,22.17,30.9
169.6,1800,15.91,22.25,31.0
169.7,1800,15.91,22.18,31.2
169.8,1800,15.91,22.22,31.3
169.9,1800,15.91,22.22,31.3
170.0,1800,15.90,22.18,31.3
170.1,1800,15.90,22.25,31.4
170.2,1800,15.90,22.17,31.6
170.3,1800,15.90,22.23,31.6
170.4,1800,15.90,22.21,31.7
170.5,1800,15.89,22.19,31.7
170.6,1800,15.89,22.24,31.8
170.7,1800,15.89,22.17,31.9
170.8,1800,15.89,22.24,32.0
170.9,1800,15.88,22.20,32.1
171.0,1800,15.88,22.20,32.1
171.1,1800,15.88,22.24,32.2
171.2,1800,15.88,22.17,32.3
171.3,1800,15.88,22.24,32.4
171.4,1800,15.88,22.19,32.4
171.5,1800,15.87,22.21,32.5
171.6,1800,15.87,22.23,32.6
171.7,1800,15.87,22.17,32.7
171.8,1800,15.87,22.25,32.8
171.9,1800,15.87,22.18,32.8
172.0,1800,15.87,22.22,32.8
172.1,1800,15.87,22.22,33.0
172.2,1800,15.87,22.18,33.1
172.3,1800,15.87,22.25,33.1
172.4,1800,15.86,22.17,33.2
172.5,1800,15.86,22.23,33.2
172.6,1800,15.86,22.21,33.3
172.7,1800,15.86,22.18,33.5
172.8,1800,15.86,22.25,33.5
172.9,1800,15.86,22.17,33.5
173.0,1800,15.86,22.24,33.6
173.1,1800,15.86,22.20,33.7
173.2,1800,15.86,22.19,33.8
173.3,1800,15.87,22.24,33.9
173.4,1800,15.87,22.17,33.9
173.5,1800,15.87,22.24,34.0
173.6,1800,15.87,22.19,34.1
173.7,1800,15.87,22.20,34.2
173.8,1800,15.87,22.23,34.2
173.9,1800,15.87,22.17,34.2
174.0,1800,15.87,22.25,34.3
174.1,1800,15.87,22.18,34.4
174.2,1800,15.88,22.21,34.6
174.3,1800,15.88,22.22,34.6
174.4,1800,15.88,22.17,34.6
174.5,1800,15.88,22.25,34.7
174.6,1800,15.88,22.17,34.8
174.7,1800,15.88,22.22,34.9
174.8,1800,15.89,22.21,34.9
174.9,1800,15.89,22.18,35.0
175.0,1800,15.89,22.25,35.0
175.1,1800,15.89,22.17,35.2
175.2,1800,15.90,22.23,35.3
175.3,1800,15.90,22.20,35.3
175.4,1800,15.90,22.19,35.3
175.5,1800,15.90,22.24,35.4
175.6,1800,15.91,22.17,35.5
175.7,1800,15.91,22.24,35.6
175.8,1800,15.91,22.19,35.6
175.9,1800,15.91,22.20,35.7
176.0,1800,15.92,22.24,35.8
176.1,1800,15.92,22.17,35.9
176.2,1800,15.92,22.24,36.0
176.3,1800,15.92,22.18,36.0
176.4,1800,15.93,22.21,36.0
176.5,1800,15.93,22.23,36.1
176.6,1800,15.93,22.17,36.2
176.7,1800,15.93,22.25,36.3
176.8,1800,15.93,22.18,36.3
176.9,1800,15.94,22.22,36.4
177.0,1800,15.94,22.22,36.5
177.1,1800,15.94,22.18,36.6
177.2,1800,15.94,22.25,36.7
177.3,1800,15.95,22.17,36.7
177.4,1800,15.95,22.23,36.7
177.5,1800,15.95,22.21,36.8
177.6,1800,15.95,22.19,36.9
177.7,1800,15.95,22.24,37.0
177.8,1800,15.95,22.17,37.0
177.9,1800,15.96,22.24,37.1
178.0,1800,15.96,22.20,37.2
178.1,1800,15.96,22.20,37.3
178.2,1800,15.96,22.24,37.3
178.3,1800,15.96,22.17,37.3
178.4,1800,15.96,22.24,37.4
178.5,1800,15.96,22.19,37.5
178.6,1800,15.96,22.21,37.6
178.7,1800,15.96,22.23,37.7
178.8,1800,15.96,22.17,37.7
178.9,1800,15.96,22.25,37.7
179.0,1800,15.96,22.18,37.9
179.1,1800,15.96,22.22,38.0
179.2,1800,15.96,22.22,38.0
179.3,1800,15.96,22.18,38.0
179.4,1800,15.96,22.25,38.1
179.5,1800,15.96,22.17,38.2
179.6,1800,15.96,22.23,38.3
179.7,1800,15.96,22.21,38.3
179.8,1800,15.96,22.18,38.3
179.9,1800,15.96,22.25,38.4
180.0,1800,15.96,22.17,38.5
180.1,1800,15.96,22.24,38.6
180.2,1800,15.96,22.20,38.6
180.3,1800,15.95,22.19,38.7
180.4,1800,15.95,22.24,38.8
180.5,1800,15.95,22.17,38.9
180.6,1800,15.95,22.24,39.0
180.7,1800,15.95,22.19,39.0
180.8,1800,15.95,22.20,39.0
180.9,1800,15.94,22.23,39.1
181.0,1800,15.94,22.17,39.2
181.1,1800,15.94,22.25,39.3
181.2,1800,15.94,22.18,39.3
181.3,1800,15.94,22.21,39.3
181.4,1800,15.93,22.22,39.4
181.5,1800,15.93,22.17,39.5
181.6,1800,15.93,22.25,39.6
181.7,1800,15.93,22.17,39.6
181.8,1800,15.92,22.22,39.6
181.9,1800,15.92,22.21,39.8
182.0,1800,15.92,22.18,39.9
182.1,1800,15.92,22.25,39.9
182.2,1800,15.91,22.17,39.9
182.3,1800,15.91,22.23,40.0
182.4,1800,15.91,22.20,40.1
182.5,1800,15.91,22.19,40.2
182.6,1800,15.90,22.24,40.2
182.7,1800,15.90,22.17,40.2
182.8,1800,15.90,22.24,40.3
182.9,1800,15.90,22.19,40.4
183.0,1800,15.89,22.20,40.5
183.1,1800,15.89,22.24,40.5
183.2,1800,15.89,22.17,40.5
183.3,1800,15.89,22.24,40.6
183.4,1800,15.89,22.18,40.7
183.5,1800,15.88,22.21,40.8
183.6,1800,15.88,22.23,40.9
183.7,1800,15.88,22.17,40.9
183.8,1800,15.88,22.25,40.9
183.9,1800,15.88,22.18,41.0
184.0,1800,15.87,22.22,41.1
184.1,1800,15.87,22.22,41.2
184.2,1800,15.87,22.18,41.2
184.3,1800,15.87,22.25,41.2
184.4,1800,15.87,22.17,41.4
184.5,1800,15.87,22.23,41.4
184.6,1800,15.87,22.21,41.5
184.7,1800,15.87,22.19,41.5
184.8,1800,15.87,22.24,41.6
184.9,1800,15.86,22.17,41.7
185.0,1800,15.86,22.24,41.8
185.1,1800,15.86,22.20,41.8
185.2,1800,15.86,22.20,41.8
185.3,1800,15.86,22.24,41.9
185.4,1800,15.86,22.17,42.0
185.5,1800,15.86,22.24,42.1
185.6,1800,15.86,22.19,42.1
185.7,1800,15.86,22.21,42.1
185.8,1800,15.86,22.23,42.2
185.9,1800,15.87,22.17,42.3
186.0,1800,15.87,22.25,42.4
186.1,1800,15.87,22.18,42.4
186.2,1800,15.87,22.22,42.4
186.3,1800,15.87,22.22,42.5
186.4,1800,15.87,22.18,42.6
186.5,1800,15.87,22.25,42.7
186.6,1800,15.87,22.17,42.7
186.7,1800,15.87,22.23,42.7
186.8,1800,15.88,22.21,42.8
186.9,1800,15.88,22.18,42.9
187.0,1800,15.88,22.25,42.9
187.1,1800,15.88,22.17,42.9
187.2,1800,15.88,22.24,43.0
187.3,1800,15.89,22.20,43.1
187.4,1800,15.89,22.19,43.2
187.5,1800,15.89,22.24,43.2
187.6,1800,15.89,22.17,43.2
187.7,1800,15.89,22.24,43.3
187.8,1800,15.90,22.19,43.4
187.9,1800,15.90,22.20,43.5
188.0,1800,15.90,22.23,43.5
188.1,1800,15.90,22.17,43.5
188.2,1800,15.91,22.25,43.6
188.3,1800,15.91,22.18,43.7
188.4,1800,15.91,22.21,43.8
188.5,1800,15.91,22.22,43.8
188.6,1800,15.92,22.17,43.8
188.7,1800,15.92,22.25,43.9
188.8,1800,15.92,22.17,44.0
188.9,1800,15.92,22.22,44.1
189.0,1800,15.93,22.21,44.1
189.1,1800,15.93,22.18,44.1
189.2,1800,15.93,22.25,44.2
189.3,1800,15.93,22.17,44.3
189.4,1800,15.94,22.23,44.4
189.5,1800,15.94,22.20,44.4
189.6,1800,15.94,22.19,44.4
189.7,1800,15.94,22.24,44.5
189.8,1800,15.94,22.17,44.6
189.9,1800,15.95,22.24,44.7
190.0,1500,16.23,0.06,44.6
190.1,1500,16.23,0.06,44.5
190.2,1500,16.24,0.10,44.5
190.3,1500,16.24,0.03,44.5
190.4,1500,16.24,0.11,44.5
190.5,1500,16.24,0.05,44.4
190.6,1500,16.24,0.07,44.3
190.7,1500,16.24,0.09,44.3
190.8,1500,16.24,0.03,44.3
190.9,1500,16.25,0.11,44.3
191.0,1500,16.25,0.04,44.2
191.1,1500,16.25,0.08,44.1
191.2,1500,16.25,0.08,44.1
191.3,1500,16.25,0.04,44.1
191.4,1500,16.25,0.11,44.1
191.5,1500,16.25,0.03,44.0
191.6,1500,16.25,0.09,43.9
191.7,1500,16.25,0.07,44.0
191.8,1500,16.25,0.05,44.0
191.9,1500,16.25,0.11,43.9
192.0,1500,16.25,0.03,43.8
192.1,1500,16.25,0.10,43.8
192.2,1500,16.25,0.06,43.8
192.3,1500,16.25,0.06,43.8
192.4,1500,16.25,0.10,43.7
192.5,1500,16.24,0.03,43.6
192.6,1500,16.24,0.11,43.6
192.7,1500,16.24,0.05,43.6
192.8,1500,16.24,0.07,43.6
192.9,1500,16.24,0.09,43.5
193.0,1500,16.24,0.03,43.5
193.1,1500,16.24,0.11,43.4
193.2,1500,16.23,0.04,43.4
193.3,1500,16.23,0.08,43.4
193.4,1500,16.23,0.08,43.4
193.5,1500,16.23,0.04,43.3
193.6,1500,16.23,0.11,43.2
193.7,1500,16.22,0.04,43.3
193.8,1500,16.22,0.09,43.3
193.9,1500,16.22,0.07,43.2
194.0,1500,16.22,0.05,43.1
194.1,1500,16.22,0.11,43.1
194.2,1500,16.21,0.03,43.1
194.3,1500,16.21,0.10,43.1
194.4,1500,16.21,0.06,43.0
194.5,1500,16.21,0.05,42.9
194.6,1500,16.20,0.10,42.9
194.7,1500,16.20,0.03,42.9
194.8,1500,16.20,0.10,42.9
194.9,1500,16.20,0.05,42.8
195.0,1500,16.19,0.06,42.7
195.1,1500,16.19,0.10,42.7
195.2,1500,16.19,0.03,42.8
195.3,1500,16.19,0.11,42.7
195.4,1500,16.18,0.04,42.6
195.5,1500,16.18,0.08,42.6
195.6,1500,16.18,0.09,42.6
195.7,1500,16.18,0.04,42.6
195.8,1500,16.17,0.11,42.6
195.9,1500,16.17,0.04,42.5
196.0,1500,16.17,0.09,42.4
196.1,1500,16.17,0.08,42.4
196.2,1500,16.17,0.04,42.4
196.3,1500,16.16,0.11,42.4
196.4,1500,16.16,0.03,42.3
196.5,1500,16.16,0.09,42.2
196.6,1500,16.16,0.07,42.3
196.7,1500,16.16,0.05,42.3
196.8,1500,16.16,0.10,42.2
196.9,1500,16.16,0.03,42.1
197.0,1500,16.15,0.10,42.1
197.1,1500,16.15,0.06,42.1
197.2,1500,16.15,0.06,42.1
197.3,1500,16.15,0.10,42.0
197.4,1500,16.15,0.03,42.0
197.5,1500,16.15,0.11,41.9
197.6,1500,16.15,0.05,41.9
197.7,1500,16.15,0.07,41.9
197.8,1500,16.15,0.09,41.9
197.9,1500,16.15,0.03,41.8
198.0,1500,16.15,0.11,41.8
198.1,1500,16.15,0.04,41.8
198.2,1500,16.15,0.08,41.8
198.3,1500,16.15,0.08,41.7
198.4,1500,16.15,0.04,41.6
198.5,1500,16.15,0.11,41.6
198.6,1500,16.15,0.03,41.6
198.7,1500,16.15,0.09,41.6
198.8,1500,16.15,0.07,41.5
198.9,1500,16.15,0.05,41.5
199.0,1500,16.16,0.11,41.4
199.1,1500,16.16,0.03,41.5
199.2,1500,16.16,0.10,41.5
199.3,1500,16.16,0.06,41.4
199.4,1500,16.16,0.06,41.3
199.5,1500,16.16,0.10,41.3
199.6,1500,16.17,0.03,41.3
199.7,1500,16.17,0.11,41.3
199.8,1500,16.17,0.05,41.2
199.9,1500,16.17,0.07,41.1
